ID,crim,zn,indus,chas,nox,rm,age,dis,tax,ptratio,black,lstat,price
-1.5506872538150946,0.0063001125484798,2.9444389791664403,2.31,0,0.538,6.575,65.2,4.09,-0.5935209292866624,15.3,0.5343660553906616,4.98,24.0
-1.5441450185775054,0.0269437354475461,0.0,7.07,0,0.469,6.421,78.9,4.9671,-0.9253267792454032,17.8,0.5343660553906616,9.14,21.6
-1.531060548102327,0.0318571299356595,0.0,2.18,0,0.458,6.998,45.8,6.0622,-1.0482178347856776,18.7,0.4507764917700583,2.94,33.4
-1.5245183128647375,0.0667704036338523,0.0,2.18,0,0.458,7.147,54.2,6.0622,-1.0482178347856776,18.7,0.5343660553906616,5.33,36.2
-1.5114338423895592,0.0846076570348256,2.602689685444384,7.87,0,0.524,6.012,66.6,5.5605,-0.5013526376314565,15.2,0.4864367158874575,12.43,22.9
-1.4852649014392023,0.2028510440464281,2.602689685444384,7.87,0,0.524,6.377,94.3,6.3467,-0.5013526376314565,15.2,0.3735086510180159,20.45,15.0
-1.478722666201613,0.1110672015076523,2.602689685444384,7.87,0,0.524,6.009,82.9,6.2267,-0.5013526376314565,15.2,0.5343660553906616,13.27,18.9
-1.4721804309640238,0.0896395868849593,2.602689685444384,7.87,0,0.524,5.889,39.0,5.4509,-0.5013526376314565,15.2,0.2999247097766137,15.71,21.7
-1.4656381957264346,0.4884327647141027,0.0,8.14,0,0.538,5.949,61.8,4.7075,-0.5259308487395115,21.0,0.5343660553906616,8.26,20.4
-1.4590959604888454,0.493451565108284,0.0,8.14,0,0.538,6.096,84.5,4.4619,-0.5259308487395115,21.0,-0.0757431317993386,10.26,18.2
-1.452553725251256,0.4869775044907406,0.0,8.14,0,0.538,5.834,56.5,4.4986,-0.5259308487395115,21.0,0.4871728993769345,8.47,19.9
-1.446011490013667,0.719755031081429,0.0,8.14,0,0.538,5.935,29.3,4.4986,-0.5259308487395115,21.0,0.1679264248658828,6.58,23.1
-1.4329270195384884,0.5892910882451725,0.0,8.14,0,0.538,5.456,36.6,3.7965,-0.5259308487395115,21.0,-2.9089349119859182,11.69,20.2
-1.41984254906331,0.8117254554853013,0.0,8.14,0,0.538,5.57,98.1,3.7979,-0.5259308487395115,21.0,-0.1971766318845784,21.02,13.6
-1.4133003138257207,0.6162877342628865,0.0,8.14,0,0.538,5.965,89.2,4.0123,-0.5259308487395115,21.0,0.3738738723524201,13.83,19.6
-1.4067580785881315,0.8031085958282843,0.0,8.14,0,0.538,6.142,91.7,3.9769,-0.5259308487395115,21.0,0.5343660553906616,18.72,15.2
-1.4002158433505425,0.687345382632109,0.0,8.14,0,0.538,5.813,100.0,4.0952,-0.5259308487395115,21.0,0.4474722493851847,19.88,14.5
-1.3740469024001851,0.6707839777866772,0.0,8.14,0,0.538,6.047,88.8,4.4534,-0.5259308487395115,21.0,-2.4272696229242268,17.28,14.8
-1.3544201966874176,0.7565021891227188,0.0,8.14,0,0.538,5.713,94.1,4.233,-0.5259308487395115,21.0,-0.759280946374946,22.6,12.7
-1.3478779614498284,0.8564218244336657,0.0,8.14,0,0.538,6.072,100.0,4.175,-0.5259308487395115,21.0,-0.1915694225357375,13.04,14.5
-1.3282512557370607,0.9604300978281596,0.0,8.14,0,0.538,6.096,96.9,3.7598,-0.5259308487395115,21.0,-3.9257842396259486,20.34,13.5
-1.3020823147867038,0.1613106998822502,0.0,5.96,0,0.499,5.966,30.2,3.8473,-0.6979783264958956,19.2,0.4067818940057536,10.13,24.7
-1.2955400795491143,0.0272551800664514,4.330733340286331,2.95,0,0.428,6.595,21.8,5.4011,-0.8638812514752662,18.3,0.487541005078288,4.32,30.8
-1.2889978443115253,0.0330381790767973,4.330733340286331,2.95,0,0.428,7.024,15.8,5.4011,-0.8638812514752662,18.3,0.4871728993769345,1.98,34.9
-1.2759133738363468,0.1323431869877131,0.0,6.91,0,0.448,6.169,6.6,5.7209,-0.9806277542385268,17.9,0.0432303289327462,5.81,25.3
-1.2693711385987576,0.1478681287245753,0.0,6.91,0,0.448,6.211,6.5,5.7209,-0.9806277542385268,17.9,0.4445357777429197,7.44,24.7
-1.2628289033611684,0.1157275913439704,0.0,6.91,0,0.448,6.069,40.0,5.7209,-0.9806277542385268,17.9,0.2596516013373782,9.55,21.2
-1.2562866681235791,0.1582166881149534,0.0,6.91,0,0.448,5.682,33.8,5.1004,-0.9806277542385268,17.9,0.5343660553906616,10.21,19.3
-1.24974443288599,0.1725742053390745,0.0,6.91,0,0.448,5.786,33.3,5.1004,-0.9806277542385268,17.9,0.5343660553906616,14.15,20.0
-1.243202197648401,0.2064204972609395,0.0,6.91,0,0.448,6.03,85.5,5.6894,-0.9806277542385268,17.9,0.3815456696935065,18.8,16.6
-1.2301177271732222,0.1986623163820069,0.0,6.91,0,0.448,5.602,62.0,6.0877,-0.9806277542385268,17.9,0.5343660553906616,16.2,19.4
-1.223575491935633,0.0850118793258392,3.091042453358316,5.64,0,0.439,5.963,45.7,6.8147,-0.9191822264683897,16.8,0.4849644605614148,13.45,19.7
-1.2170332566980435,0.0424558590363923,3.091042453358316,5.64,0,0.439,6.115,63.0,6.8147,-0.9191822264683897,16.8,0.4265628825419402,9.43,20.5
-1.2039487862228653,0.0486091954146222,3.091042453358316,5.64,0,0.439,5.998,21.4,6.8147,-0.9191822264683897,16.8,0.5343660553906616,8.43,23.4
-1.197406550985276,0.0135083500247922,4.330733340286331,4.0,0,0.41,5.888,47.6,7.3197,0.4694867011367112,21.1,0.5343660553906616,14.8,18.9
-1.171237610034919,0.1436240400828755,3.258096538021482,5.13,0,0.453,6.145,29.2,7.8148,-0.6672555626108271,19.7,0.3064662865375563,6.86,23.3
-1.1581531395597406,0.1391704631379714,3.258096538021482,5.13,0,0.453,5.741,66.2,7.2254,-0.6672555626108271,19.7,0.4684118462549372,13.15,18.7
-1.1516109043221514,0.158464220263388,3.258096538021482,5.13,0,0.453,5.966,93.4,6.8185,-0.6672555626108271,19.7,-0.1441637584609414,14.44,16.0
-1.138526433846973,0.119115480890162,3.258096538021482,5.13,0,0.453,6.762,43.4,7.9809,-0.6672555626108271,19.7,0.4857005696156162,9.5,25.0
-1.1319841986093837,0.019322119714037,2.917770732084279,1.38,0,0.4161,7.104,59.5,9.2229,-1.08508515144776,18.6,0.3998283691658342,8.05,33.0
-1.112357492896616,0.0562763582766247,2.602689685444384,6.07,0,0.409,5.878,21.4,6.498,-0.2924378432129901,18.9,0.5089070556014477,8.1,22.0
-1.1058152576590268,0.1271083087153749,2.602689685444384,6.07,0,0.409,5.594,36.8,6.498,-0.2924378432129901,18.9,0.5343660553906616,13.09,17.4
-1.0927307871838483,0.0845800904730633,0.0,10.81,0,0.413,6.417,6.6,5.2873,-0.538219954293539,19.2,0.0560776714999367,6.72,24.2
-1.0796463167086698,0.0876811526398337,0.0,10.81,0,0.413,6.065,7.8,5.2873,-0.538219954293539,19.2,0.3148293549834017,5.52,22.8
-1.0731040814710806,0.1784724919723239,0.0,10.81,0,0.413,6.245,6.2,5.2873,-0.538219954293539,19.2,-0.1761373150058714,7.54,23.4
-1.0665618462334914,0.0759976142264651,0.0,12.83,0,0.437,6.273,6.0,4.2515,0.0332234539687371,18.7,0.4614286217398516,6.78,24.1
-1.060019610995902,0.0908639463051197,0.0,12.83,0,0.437,6.286,45.0,4.5026,0.0332234539687371,18.7,0.0382373966999467,8.94,21.4
-1.053477375758313,0.0967001224772136,0.0,12.83,0,0.437,6.279,74.5,4.0522,0.0332234539687371,18.7,-0.298742137900278,11.97,20.0
-1.0469351405207237,0.0834860034897503,0.0,12.83,0,0.437,6.14,45.8,4.0905,0.0332234539687371,18.7,0.1718863396847194,10.27,20.8
-1.027308434807956,0.0403066617591341,3.258096538021482,4.86,0,0.426,6.727,33.5,5.4007,-0.6856892209418682,19.0,0.5343660553906616,5.29,28.0
-1.0207661995703667,0.043653182921403,3.258096538021482,4.86,0,0.426,6.619,70.4,5.4007,-0.6856892209418682,19.0,0.487541005078288,7.22,23.9
-1.0076817290951885,0.0348940589773206,3.258096538021482,4.86,0,0.426,6.167,46.7,5.4007,-0.6856892209418682,19.0,0.3050123422894354,7.51,22.9
-1.001139493857599,0.0493519111219691,0.0,4.49,0,0.449,6.389,48.0,4.7794,-0.8946040153603347,18.5,0.5343660553906616,9.62,23.9
-0.9945972586200098,0.0557657779058572,0.0,4.49,0,0.449,6.63,56.1,4.4377,-0.8946040153603347,18.5,0.3654761356767321,6.53,26.6
-0.9880550233824206,0.050579039368154,0.0,4.49,0,0.449,6.015,45.1,4.4272,-0.8946040153603347,18.5,0.5007990070637388,12.86,22.5
-0.9815127881448312,0.0690688685990977,0.0,4.49,0,0.449,6.121,56.8,3.7476,-0.8946040153603347,18.5,0.4698824267872653,8.44,22.2
-0.974970552907242,0.0550562057480784,0.0,3.41,0,0.489,7.007,86.3,3.4217,-0.7532793014890191,17.8,0.5343660553906616,5.5,23.6
-0.9684283176696528,0.0516622263237937,0.0,3.41,0,0.489,7.079,63.1,3.4145,-0.7532793014890191,17.8,0.5033783522078744,5.7,28.7
-0.9618860824320636,0.0457761026365836,0.0,3.41,0,0.489,6.417,66.1,3.0923,-0.7532793014890191,17.8,0.3610966617719345,8.81,22.6
-0.942259376719296,0.0283444730091425,3.367295829986474,15.04,0,0.464,6.211,28.9,3.6659,-0.7532793014890191,18.2,0.5133315256306489,6.21,25.0
-0.9357171414817068,0.0420436479976793,3.367295829986474,15.04,0,0.464,6.249,77.3,3.615,-0.7532793014890191,18.2,0.5343660553906616,10.59,20.6
-0.9226326710065282,0.1088902787080716,0.0,2.89,0,0.445,6.163,69.6,3.4952,-0.7164119848269368,18.0,0.3483308490931007,11.34,21.4
-0.8964637300561713,0.1385960455902577,0.0,8.56,0,0.52,6.727,79.9,2.7778,-0.0528002849094549,20.9,0.4555506168565486,9.42,27.5
-0.8899214948185821,0.1082443533976389,0.0,8.56,0,0.52,6.781,71.3,2.8561,-0.0528002849094549,20.9,0.4857005696156162,7.67,26.5
-0.8768370243434036,0.1919500536859109,0.0,8.56,0,0.52,6.137,87.4,2.7147,-0.0528002849094549,20.9,0.4449028041327713,13.44,19.3
-0.8572103186306359,0.15802886422491,0.0,8.56,0,0.52,5.836,91.9,2.211,-0.0528002849094549,20.9,0.4890135209277959,18.66,19.5
-0.8506680833930467,0.1232524952993025,0.0,8.56,0,0.52,6.127,85.2,2.1224,-0.0528002849094549,20.9,0.1981943017111163,14.09,20.4
-0.8441258481554574,0.1204638834151376,0.0,8.56,0,0.52,6.474,97.1,2.4329,-0.0528002849094549,20.9,0.4731917772929631,12.27,19.8
-0.8375836129178682,0.2339885313543719,0.0,8.56,0,0.52,6.229,91.2,2.5451,-0.0528002849094549,20.9,0.3264731163536435,15.55,19.4
-0.8244991424426897,0.096073524746064,0.0,10.01,0,0.547,6.715,81.6,2.6775,0.2421382483872036,17.8,0.4860686380993312,10.16,22.8
-0.804872436729922,0.1330525279871514,0.0,10.01,0,0.547,6.254,84.2,2.2565,0.2421382483872036,17.8,0.2361214707710515,10.45,18.5
-0.7917879662547436,0.1236148861993021,0.0,10.01,0,0.547,6.176,72.5,2.7301,0.2421382483872036,17.8,0.4020238562433116,12.04,21.2
-0.7852457310171543,0.1406137533941644,0.0,10.01,0,0.547,6.021,82.6,2.7474,0.2421382483872036,17.8,0.4463710027362632,10.3,19.2
-0.7787034957795651,0.122730775380317,0.0,10.01,0,0.547,5.872,73.1,2.4775,0.2421382483872036,17.8,-1.459537877665268,15.37,20.4
-0.7721612605419759,0.1351950080486887,0.0,10.01,0,0.547,5.731,65.2,2.7592,0.2421382483872036,17.8,0.3363049509719611,13.61,19.3
-0.7656190253043866,0.0667142774622037,0.0,25.65,0,0.581,5.87,69.7,2.2577,-1.2571326292041445,19.1,0.2509589753587915,14.37,22.0
-0.7590767900667974,0.0691995168010044,0.0,25.65,0,0.581,6.004,84.1,2.1974,-1.2571326292041445,19.1,-0.1585789638141214,14.27,20.3
-0.7525345548292082,0.0889170600217153,0.0,25.65,0,0.581,5.961,92.9,2.0869,-1.2571326292041445,19.1,-0.1438119726938742,17.93,20.5
-0.7459923195916189,0.140092322576218,0.0,25.65,0,0.581,5.856,97.0,1.9444,-1.2571326292041445,19.1,-0.4146890137839668,25.41,17.3
-0.7394500843540297,0.0939365094783795,0.0,25.65,0,0.581,5.879,95.8,2.0063,-1.2571326292041445,19.1,-0.0983535912683885,17.58,18.8
-0.7263656138788512,0.3273954526862417,0.0,25.65,0,0.581,5.613,95.6,1.7572,-1.2571326292041445,19.1,-0.7887352084347367,27.26,15.7
-0.719823378641262,0.2304368901416751,0.0,21.89,0,0.624,5.693,96.0,1.7883,0.2728610122722722,21.2,0.3585425874040366,17.19,16.2
-0.7132811434036728,0.2817369350921531,0.0,21.89,0,0.624,6.431,98.8,1.8125,0.2728610122722722,21.2,0.5343660553906616,15.39,18.0
-0.6936544376909051,0.7852431092803437,0.0,21.89,0,0.624,6.326,97.7,2.271,0.2728610122722722,21.2,0.5343660553906616,12.26,19.6
-0.6805699672157266,0.2850435947287374,0.0,21.89,0,0.624,5.822,95.4,2.4699,0.2728610122722722,21.2,0.2343130889991521,15.03,18.4
-0.6740277319781374,0.6811606280137663,0.0,21.89,0,0.624,5.757,98.4,2.346,0.2728610122722722,21.2,-3.5822207094618124,17.31,15.6
-0.6609432615029589,0.2796297392609525,0.0,21.89,0,0.624,5.942,93.5,1.9669,0.2728610122722722,21.2,-0.1381821350210983,16.9,17.4
-0.6544010262653697,0.3018290306776389,0.0,21.89,0,0.624,6.454,98.4,1.8498,0.2728610122722722,21.2,0.4305956694960808,14.59,17.1
-0.6478587910277804,0.2229835385128442,0.0,21.89,0,0.624,5.857,98.2,1.6686,0.2728610122722722,21.2,0.3559889689522034,21.32,13.3
-0.6413165557901912,0.4347131824671496,0.0,21.89,0,0.624,6.151,97.9,1.6687,0.2728610122722722,21.2,0.5343660553906616,18.46,17.8
-0.6020631443646558,1.2176804241557977,0.0,19.58,0,0.871,6.13,100.0,1.4191,0.0639462178538057,14.7,-5.4033239120061785,27.8,13.8
-0.5889786738894772,1.2145031649491105,0.0,19.58,0,0.871,4.926,95.7,1.4608,0.0639462178538057,14.7,0.3439566228752698,29.53,14.6
-0.582436438651888,1.2032695571055652,0.0,19.58,0,0.871,5.186,93.8,1.5296,0.0639462178538057,14.7,-0.8653776765623941,28.32,17.8
-0.5758942034142988,1.317472010807663,0.0,19.58,0,0.871,5.597,94.9,1.5257,0.0639462178538057,14.7,-1.0348778538874546,21.45,15.4
-0.5693519681767095,0.9770471097162658,0.0,19.58,0,0.871,6.122,97.3,1.618,0.0639462178538057,14.7,-0.3286072268577007,14.1,21.5
-0.5497252624639418,1.1471421014887528,0.0,19.58,0,0.871,5.709,98.5,1.6232,0.0639462178538057,14.7,-3.6019932821595937,15.79,19.4
-0.5170140862759957,0.8513638686748988,0.0,19.58,0,0.605,6.066,100.0,1.7573,0.0639462178538057,14.7,-0.9678996153973572,6.43,24.3
-0.5104718510384064,0.8858397717781171,0.0,19.58,0,0.871,6.51,100.0,1.7659,0.0639462178538057,14.7,-0.6197451732744486,7.39,23.3
-0.4777606748504603,1.176301459715032,0.0,19.58,0,0.605,5.854,91.8,2.422,0.0639462178538057,14.7,0.4684118462549372,11.64,22.7
-0.4712184396128711,1.3671115417031166,0.0,19.58,0,0.605,6.101,93.0,2.2834,0.0639462178538057,14.7,-4.110989929902208,9.81,25.0
-0.4581339691376926,1.0297194121814917,0.0,19.58,0,0.605,5.877,79.2,2.4259,0.0639462178538057,14.7,-4.384098238176559,12.14,23.8
-0.4450494986625141,1.2382379898788043,0.0,19.58,0,0.605,6.402,95.2,2.2625,0.0639462178538057,14.7,-1.7267547175757512,11.32,22.3
-0.4385072634249249,0.7918244127486899,0.0,19.58,0,0.605,5.875,94.6,2.4259,0.0639462178538057,14.7,-2.8196952038187773,14.43,17.4
-0.4319650281873357,1.1981257435340087,0.0,19.58,0,0.605,5.88,97.3,2.3887,0.0639462178538057,14.7,-1.1560178045047698,12.03,19.1
-0.4254227929497464,0.1302735917492122,0.0,4.05,0,0.51,5.572,88.5,2.5961,-0.5935209292866624,16.6,0.5343660553906616,14.69,23.1
-0.4188805577121572,0.0878093918244082,0.0,4.05,0,0.51,6.416,84.1,2.6463,-0.5935209292866624,16.6,0.4827563567046384,9.04,23.6
-0.4123383224745679,0.0810913883848884,0.0,4.05,0,0.51,5.859,68.7,2.7019,-0.5935209292866624,16.6,0.3994624872183544,9.64,22.6
-0.4057960872369787,0.0645135208250659,0.0,4.05,0,0.51,6.546,33.1,3.1323,-0.5935209292866624,16.6,0.316648064649858,5.33,29.4
-0.3992538519993894,0.0678642348161299,0.0,4.05,0,0.51,6.02,47.2,3.5549,-0.5935209292866624,16.6,0.3994624872183544,10.11,23.2
-0.3927116167618002,0.0528296136445321,0.0,4.05,0,0.51,6.315,73.4,3.3175,-0.5935209292866624,16.6,0.4864367158874575,6.29,24.6
-0.386169381524211,0.064307244395167,0.0,4.05,0,0.51,6.86,74.4,2.9153,-0.5935209292866624,16.6,0.3279292564424068,6.92,29.9
-0.3796271462866217,0.0561912796497424,0.0,2.46,0,0.488,6.98,58.4,2.829,-1.2264098653190756,17.8,0.5343660553906616,5.04,37.2
-0.3730849110490325,0.0638007490506618,0.0,2.46,0,0.488,7.765,83.3,2.741,-1.2264098653190756,17.8,0.4849644605614148,7.56,39.8
-0.3665426758114433,0.0666113712985015,0.0,2.46,0,0.488,6.144,62.2,2.5979,-1.2264098653190756,17.8,0.5343660553906616,9.45,36.2
-0.360000440573854,0.087122204181403,0.0,2.46,0,0.488,7.155,92.2,2.7006,-1.2264098653190756,17.8,0.4320624166116916,4.82,37.9
-0.3534582053362648,0.0953829044325522,0.0,2.46,0,0.488,6.563,95.6,2.847,-1.2264098653190756,17.8,0.5343660553906616,5.68,32.5
-0.3272892643859079,0.0758029634155006,3.828641396489095,3.44,0,0.437,6.782,41.1,3.7886,0.0332234539687371,15.2,0.4228976895466271,6.68,32.0
-0.3142047939107294,0.0803811119468124,3.828641396489095,3.44,0,0.437,7.185,38.9,4.5667,0.0332234539687371,15.2,0.5343660553906616,5.39,34.9
-0.3076625586731402,0.0868013549365422,3.828641396489095,3.44,0,0.437,6.951,21.5,6.4798,0.0332234539687371,15.2,-0.1582275595278434,5.1,37.0
-0.3011203234355509,0.0668265266555305,3.828641396489095,3.44,0,0.437,6.739,30.8,6.4798,0.0332234539687371,15.2,0.2712501060597498,4.69,30.5
-0.2945780881979617,0.0830903665320982,3.828641396489095,3.44,0,0.437,7.178,26.3,6.4798,0.0332234539687371,15.2,0.299561377237341,2.87,36.4
-0.2880358529603725,0.0216342821251497,4.110873864173311,2.93,0,0.401,6.8,9.9,6.2196,-0.7840020653740878,15.6,0.4045856811843336,5.03,31.1
-0.2814936177227832,0.0142874466080695,4.110873864173311,2.93,0,0.401,6.604,18.8,6.2196,-0.7840020653740878,15.6,-0.1926209557246318,4.38,29.1
-0.2095290301093016,0.1278829702798455,0.0,10.59,0,0.489,5.891,22.3,3.9454,-0.7102674320499232,18.6,0.5343660553906616,10.87,22.6
-0.2029867948717124,0.2067621050984678,0.0,10.59,0,0.489,6.326,52.5,4.3549,-0.7102674320499232,18.6,0.4595914893425581,10.97,24.4
-0.1571911482085878,0.1314842987568961,0.0,10.59,0,0.489,6.375,32.3,3.9454,-0.7102674320499232,18.6,0.1305428705839424,9.38,28.1
-0.1506489129709985,0.2542933203064257,0.0,10.59,0,0.489,5.412,9.8,3.5875,-0.7102674320499232,18.6,-1.1300748777245866,29.55,23.7
-0.0917687958326954,0.4791491809054383,0.0,6.2,0,0.507,6.618,80.8,3.2721,-0.5259308487395115,17.4,0.5343660553906616,7.6,30.1
-0.0852265605951062,0.2740875847172427,0.0,6.2,0,0.504,8.266,78.3,2.8944,-0.5259308487395115,17.4,0.1032877615389773,4.14,44.8
-0.0721420901199277,0.323633022674933,0.0,6.2,0,0.504,8.04,86.5,3.2157,-0.5259308487395115,17.4,0.1870163702553406,3.13,37.6
-0.0655998548823385,0.3452762246773022,0.0,6.2,0,0.504,7.163,79.9,3.2157,-0.5259308487395115,17.4,-0.3535576336663258,6.36,31.6
-0.05251538440716,0.3658784613426782,0.0,6.2,0,0.504,6.552,21.4,3.3751,-0.5259308487395115,17.4,-0.0644236104918007,3.76,31.5
-0.0459731491695708,0.4298324645564588,0.0,6.2,0,0.504,5.981,68.1,3.6715,-0.5259308487395115,17.4,-0.1346622769023769,11.65,24.3
-0.0132619729816246,0.2855172308722697,0.0,6.2,0,0.507,6.086,61.5,3.6519,-0.5259308487395115,17.4,-0.1908683538877619,10.88,24.0
0.0194492032063215,0.1073195954073239,3.4339872044851463,4.93,0,0.428,6.897,54.3,6.3361,-0.5689427181786075,16.6,0.3272011677892059,11.38,22.0
0.0325336736814999,0.0979430743299641,3.4339872044851463,4.93,0,0.428,6.358,52.9,7.0355,-0.5689427181786075,16.6,-0.3303414524857818,11.22,22.2
0.0390759089190892,0.1200648747247548,3.4339872044851463,4.93,0,0.428,6.393,7.8,7.0355,-0.5689427181786075,16.6,-0.2621856479277345,5.19,23.7
0.0456181441566784,0.1873754310966335,3.1354942159291497,5.86,0,0.431,5.593,76.5,7.9549,-0.3846061348681959,19.1,-0.3393556760747711,12.5,17.6
0.0587026146318569,0.2925427402430482,3.1354942159291497,5.86,0,0.431,6.108,34.9,8.0555,-0.3846061348681959,19.1,0.2883026835069947,9.16,24.3
0.0717870851070354,0.1521973447384029,3.1354942159291497,5.86,0,0.431,6.433,49.1,7.8265,-0.3846061348681959,19.1,-0.2621856479277345,9.52,24.5
0.0783293203446246,0.1745665644208875,3.1354942159291497,5.86,0,0.431,6.718,17.5,7.8265,-0.3846061348681959,19.1,0.4181343296619428,6.56,26.2
0.0848715555822138,0.1312913856811757,3.1354942159291497,5.86,0,0.431,6.487,13.0,7.3967,-0.3846061348681959,19.1,0.5114878336246487,5.9,24.4
0.0914137908198031,0.193994824980046,3.1354942159291497,5.86,0,0.431,6.438,8.9,7.3967,-0.3846061348681959,19.1,-0.1796461939213673,3.59,24.8
0.1044982612949815,0.3140367177344588,3.1354942159291497,5.86,0,0.431,8.259,8.4,8.9067,-0.3846061348681959,19.1,0.5343660553906616,3.54,42.8
0.1502939079581062,0.4318538424460674,3.044522437723423,3.97,0,0.647,7.203,81.8,2.1121,-0.7901466181511014,13.0,0.3837383654481301,9.59,33.8
0.1568361431956954,0.4279569267433912,3.044522437723423,3.97,0,0.647,7.52,89.4,2.1398,-0.7901466181511014,13.0,0.222744953869431,7.26,43.1
0.1699206136708739,0.6017224426405978,3.044522437723423,3.97,0,0.647,7.327,94.5,2.0788,-0.7901466181511014,13.0,0.4064158352744941,11.25,31.0
0.1764628489084631,0.4383000912017374,3.044522437723423,3.97,0,0.647,7.206,91.6,1.9301,-0.7901466181511014,13.0,0.2054106156411122,8.1,36.5
0.1830050841460523,0.5662338402369981,3.044522437723423,3.97,0,0.647,5.56,62.8,1.9865,-0.7901466181511014,13.0,0.369126720749108,10.45,22.8
0.1895473193836416,0.579810495220942,3.044522437723423,3.97,0,0.647,7.014,84.6,2.1329,-0.7901466181511014,13.0,0.0682223450607138,14.79,30.7
0.20263178985882,0.4321070390545855,3.044522437723423,3.97,0,0.575,7.47,52.6,2.872,-0.7901466181511014,13.0,0.2926598268289595,3.16,43.5
0.2222584955715877,0.1502373183211034,3.044522437723423,6.96,0,0.464,6.24,16.3,4.429,-1.042073282008664,18.6,0.5343660553906616,6.59,25.2
0.228800730809177,0.1084955961532989,3.044522437723423,6.96,0,0.464,6.538,58.7,3.9175,-1.042073282008664,18.6,0.4628984951370569,7.73,24.4
0.2745963774723016,0.1909343598921772,3.044522437723423,3.33,0,0.4429,6.812,32.2,4.1007,-1.08508515144776,14.9,0.5343660553906616,4.85,35.1
0.2876808479474801,0.0363801440927505,3.044522437723423,3.33,0,0.4429,6.968,37.2,5.2447,-1.08508515144776,14.9,0.3629212797384346,4.59,35.4
0.313849788897837,0.0109003744682882,4.02535169073515,2.25,0,0.389,6.453,31.9,7.3073,-0.5689427181786075,15.3,0.4540814878121044,8.23,22.0
0.3334764946106048,0.0448777587780854,3.979681653901961,5.32,0,0.405,6.315,45.6,7.3172,-0.6119545876177036,16.6,0.5343660553906616,7.6,22.3
0.3661876707985509,0.0794117394241616,0.0,13.92,0,0.437,6.127,18.4,5.5027,-0.6365327987257584,16.0,0.5343660553906616,8.58,23.9
0.3858143765113186,0.0523267601777674,0.0,13.92,0,0.437,6.549,51.0,5.9604,-0.6365327987257584,16.0,0.3855658677815794,7.39,27.1
0.3923566117489079,0.1319313632599701,0.0,13.92,0,0.437,5.79,58.0,6.32,-0.6365327987257584,16.0,0.5343660553906616,15.84,20.3
0.4185255526992648,0.0347588507564548,3.555348061489413,6.09,0,0.433,6.59,40.4,5.4917,-0.3907506876452096,16.1,0.491958999238468,9.5,22.0
0.425067787936854,0.0886150903536463,3.555348061489413,6.09,0,0.433,6.495,18.4,5.4917,-0.3907506876452096,16.1,0.0517938841425705,8.67,26.4
0.4316100231744433,0.0953101798043248,3.555348061489413,6.09,0,0.433,6.982,17.7,5.4917,-0.3907506876452096,16.1,0.2973815773943027,4.86,33.1
0.4381522584120325,0.0536829369161848,3.5263605246161616,2.18,0,0.472,7.236,41.1,4.022,-1.0482178347856776,18.4,0.4159363862203538,6.93,36.1
0.4446944936496217,0.0533416949818233,3.5263605246161616,2.18,0,0.472,6.616,58.1,3.37,-1.0482178347856776,18.4,0.4042196782795311,8.93,28.4
0.451236728887211,0.0723485681669778,3.5263605246161616,2.18,0,0.472,7.42,71.9,3.0992,-1.0482178347856776,18.4,0.5343660553906616,6.47,33.4
0.4643211993623894,0.4007741226200408,0.0,9.9,0,0.544,6.635,82.5,3.3175,-0.5443645070705526,18.4,0.5343660553906616,4.54,22.8
0.4708634345999787,0.2996600492111879,0.0,9.9,0,0.544,5.972,76.7,3.1025,-0.5443645070705526,18.4,0.5100130474992214,9.97,20.3
0.4774056698375679,1.290741151786282,0.0,9.9,0,0.544,4.973,37.8,2.5194,-0.5443645070705526,18.4,-1.080619261493709,12.64,16.1
0.4839479050751571,0.582444643903983,0.0,9.9,0,0.544,6.122,52.8,2.6403,-0.5443645070705526,18.4,0.5343660553906616,5.98,22.1
0.4904901403127464,0.2324520921057716,0.0,9.9,0,0.544,6.023,90.4,2.834,-0.5443645070705526,18.4,0.5122252825138213,11.72,19.4
0.5101168460255141,0.225987503445941,0.0,9.9,0,0.544,5.705,77.7,3.945,-0.5443645070705526,18.4,0.5166507574192502,11.5,16.2
0.5166590812631033,0.2763202709424078,0.0,9.9,0,0.544,5.914,83.2,3.9986,-0.5443645070705526,18.4,0.3071933144880724,18.33,17.8
0.5232013165006926,0.2193122211331677,0.0,9.9,0,0.544,5.782,71.7,4.0317,-0.5443645070705526,18.4,0.5343660553906616,15.94,19.8
0.5297435517382818,0.3379140538458848,0.0,9.9,0,0.544,6.382,67.2,3.5325,-0.5443645070705526,18.4,0.4720885767180445,10.36,23.1
0.5428280222134603,0.1549503599978226,0.0,7.38,0,0.493,6.426,52.3,4.5404,-0.6488219042797859,19.6,0.5343660553906616,7.2,23.8
0.5689969631638172,0.2934827161414511,0.0,7.38,0,0.493,6.415,40.1,4.7211,-0.6488219042797859,19.6,0.5343660553906616,6.12,25.0
0.5755391984014064,0.1755151120809765,0.0,7.38,0,0.493,6.431,14.7,5.4159,-0.6488219042797859,19.6,0.4159363862203538,5.08,24.6
0.5886236688765849,0.2159416799834653,0.0,7.38,0,0.493,6.083,43.7,5.4159,-0.6488219042797859,19.6,0.5343660553906616,12.79,22.2
0.5951659041141741,0.0640727877005889,0.0,3.24,0,0.46,5.868,25.8,5.2146,0.2298491428331761,16.9,0.010097173134636,9.97,19.3
0.6082503745893526,0.0444378494305682,0.0,3.24,0,0.46,6.144,32.2,5.8736,0.2298491428331761,16.9,-0.4745001400615724,9.09,19.8
0.6278770803021203,0.0495803280981504,0.0,5.19,0,0.515,6.316,38.1,6.4584,-1.0359287292316504,20.2,0.2712501060597498,5.68,22.2
0.6344193155397095,0.0366983037826737,0.0,5.19,0,0.515,6.31,38.5,6.4584,-1.0359287292316504,20.2,0.2600139103916046,6.75,20.7
0.647503786014888,0.0336958638567255,0.0,5.19,0,0.515,5.869,46.3,5.2311,-1.0359287292316504,20.2,0.5343660553906616,9.8,19.5
0.6605882564900665,0.0325252717033968,0.0,5.19,0,0.515,6.059,37.3,4.8122,-1.0359287292316504,20.2,0.5063267334943129,8.51,20.6
0.6671304917276557,0.0535123305047612,0.0,5.19,0,0.515,5.985,45.4,4.8122,-1.0359287292316504,20.2,0.5343660553906616,9.74,19.0
0.6736727269652449,0.0596924227479821,0.0,5.19,0,0.515,5.968,58.5,4.8122,-1.0359287292316504,20.2,0.5343660553906616,9.29,18.7
0.6802149622028342,0.0129260968861336,3.58351893845611,1.52,0,0.442,7.241,49.3,7.0379,-0.6672555626108271,15.5,0.4548160337255079,5.49,32.7
0.6867571974404234,0.0246731002048841,0.0,1.89,0,0.518,6.54,59.7,6.2669,0.1806927206170664,15.9,0.2803180672658796,8.65,16.5
0.6932994326780126,0.0251120368148548,4.02535169073515,3.78,0,0.484,6.696,56.4,5.7321,-0.138824023787647,17.6,0.5343660553906616,7.18,23.9
0.6998416679156019,0.030034417274121,4.02535169073515,3.78,0,0.484,6.874,28.1,6.4654,-0.138824023787647,17.6,0.2082981833069782,4.61,31.2
0.732552844103548,0.0285777386317073,3.713572066704308,1.25,0,0.429,6.939,34.5,8.7921,-0.3538833709831273,19.7,0.2763274478956516,5.89,26.6
0.7979751964794404,1.6603800451716153,0.0,18.1,0,0.77,6.112,81.3,2.5091,1.6799635982084142,20.2,0.3086474820420214,12.67,22.6
0.8045174317170296,1.7123410111146562,0.0,18.1,0,0.77,6.398,88.0,2.5182,1.6799635982084142,20.2,-0.2674142841145183,7.79,25.0
0.8176019021922081,1.5429176957008952,0.0,18.1,0,0.77,5.362,96.2,2.1036,1.6799635982084142,20.2,-0.0484894137635941,10.19,20.8
0.843770843142565,1.5469133618955864,0.0,18.1,0,0.718,4.963,91.4,1.7523,1.6799635982084142,20.2,-2.147846272347344,14.0,21.9
0.9091931955184576,2.790428640368112,0.0,18.1,0,0.671,6.649,93.3,1.3449,1.6799635982084142,20.2,-0.6633947495774024,23.24,13.9
0.9157354307560468,2.381718772241792,0.0,18.1,0,0.671,6.794,98.8,1.358,1.6799635982084142,20.2,0.5343660553906616,21.24,13.3
0.9484466069439929,2.321114360892544,0.0,18.1,0,0.7,5.536,100.0,1.5804,1.6799635982084142,20.2,0.5343660553906616,23.6,11.3
0.954988842181582,2.19638867250955,0.0,18.1,0,0.7,5.52,100.0,1.5331,1.6799635982084142,20.2,0.5343660553906616,24.56,12.3
0.9615310774191712,3.04855714447919,0.0,18.1,0,0.7,4.368,91.2,1.4395,1.6799635982084142,20.2,-2.993439010669748,30.63,8.8
0.9746155478943498,3.234505049740393,0.0,18.1,0,0.7,4.652,100.0,1.4672,1.6799635982084142,20.2,0.5343660553906616,28.28,10.5
0.9942422536071176,2.213944025142987,0.0,18.1,0,0.7,5.39,98.9,1.7281,1.6799635982084142,20.2,0.5343660553906616,20.85,11.5
1.0073267240822958,1.83944584984932,0.0,18.1,0,0.7,6.051,82.5,2.1678,1.6799635982084142,20.2,-0.1336061380307757,18.76,23.2
1.013868959319885,2.531941305700138,0.0,18.1,0,0.7,5.036,97.0,1.77,1.6799635982084142,20.2,0.5343660553906616,25.68,9.7
1.0269534297950635,2.6644326359464867,0.0,18.1,0,0.693,5.887,94.7,1.7821,1.6799635982084142,20.2,0.5343660553906616,16.35,12.7
1.040037900270242,1.9274624605576969,0.0,18.1,0,0.693,6.405,96.0,1.6768,1.6799635982084142,20.2,0.5343660553906616,19.37,12.5
1.066206841220599,3.2598680448992714,0.0,18.1,0,0.693,5.987,100.0,1.5888,1.6799635982084142,20.2,0.5343660553906616,26.77,5.6
1.0727490764581882,2.723674175335137,0.0,18.1,0,0.693,6.343,100.0,1.5741,1.6799635982084142,20.2,0.5343660553906616,20.32,7.2
1.0858335469333666,3.250440381229692,0.0,18.1,0,0.693,5.349,96.0,1.7028,1.6799635982084142,20.2,0.5343660553906616,19.77,8.3
1.1120024878837236,2.5611807266231144,0.0,18.1,0,0.659,5.608,100.0,1.2852,1.6799635982084142,20.2,-1.6636072487004523,12.13,27.9
1.1185447231213128,2.1286946938918567,0.0,18.1,0,0.597,5.617,97.9,1.4547,1.6799635982084142,20.2,-2.18862895538237,26.4,17.2
1.3213540154865793,2.340904438499074,0.0,18.1,0,0.74,5.627,93.9,1.8172,1.6799635982084142,20.2,0.5343660553906616,22.88,12.8
1.3278962507241685,3.137713490646716,0.0,18.1,0,0.74,5.818,92.4,1.8662,1.6799635982084142,20.2,0.3344837291149334,22.11,10.5
1.3344384859617575,2.372501005014648,0.0,18.1,0,0.74,6.406,97.2,2.0651,1.6799635982084142,20.2,0.135928518681256,19.52,17.1
1.340980721199347,1.8970754838957269,0.0,18.1,0,0.74,6.219,100.0,2.0048,1.6799635982084142,20.2,0.4897498346790069,16.59,18.4
1.3475229564369362,2.394848818884537,0.0,18.1,0,0.74,6.485,100.0,1.9784,1.6799635982084142,20.2,0.1636078017993003,18.85,15.4
1.3540651916745254,2.62483524494248,0.0,18.1,0,0.74,5.854,96.6,1.8956,1.6799635982084142,20.2,-4.102939531485838,23.79,10.8
1.3736918973872931,2.39104001091028,0.0,18.1,0,0.74,6.251,96.6,2.198,1.6799635982084142,20.2,0.2281663308992746,16.44,12.6
1.3802341326248824,2.334964186317933,0.0,18.1,0,0.713,6.185,98.7,2.2616,1.6799635982084142,20.2,0.5343660553906616,18.13,14.1
1.39986083833765,1.862705543083853,0.0,18.1,0,0.713,6.655,98.2,2.3552,1.6799635982084142,20.2,-0.9217101074289632,17.73,15.2
1.4064030735752393,1.8066759959463208,0.0,18.1,0,0.713,6.297,91.8,2.3682,1.6799635982084142,20.2,0.1047209011274263,17.27,16.1
1.4129453088128283,2.224417043716578,0.0,18.1,0,0.713,7.393,99.3,2.4527,1.6799635982084142,20.2,-0.2216801665131187,16.74,17.8
1.4456564850007747,2.169308525041816,0.0,18.1,0,0.713,6.301,83.7,2.7831,1.6799635982084142,20.2,-3.3470300564886686,16.23,14.9
1.452198720238364,2.0542737224466707,0.0,18.1,0,0.713,6.081,84.4,2.7175,1.6799635982084142,20.2,0.5343660553906616,14.7,20.0
1.4587409554759532,1.7599471129733724,0.0,18.1,0,0.713,6.701,90.0,2.5975,1.6799635982084142,20.2,-3.7636783137584087,16.42,16.4
1.4652831907135424,1.546095475702301,0.0,18.1,0,0.713,6.376,88.4,2.5671,1.6799635982084142,20.2,0.3337553055029905,14.65,17.7
1.4718254259511316,2.035348578369212,0.0,18.1,0,0.713,6.317,83.0,2.7344,1.6799635982084142,20.2,0.5343660553906616,13.99,19.5
1.4783676611887209,1.9200280793412088,0.0,18.1,0,0.713,6.513,89.9,2.8016,1.6799635982084142,20.2,0.421065441964327,10.29,20.2
1.48490989642631,2.1792099506138976,0.0,18.1,0,0.655,6.209,65.4,2.9634,1.6799635982084142,20.2,0.5343660553906616,13.22,21.4
1.4914521316638991,1.4263800846591763,0.0,18.1,0,0.655,5.759,48.2,3.0665,1.6799635982084142,20.2,-1.591982281098914,14.13,19.9
1.5045366021390778,1.690516391203815,0.0,18.1,0,0.584,6.003,94.5,2.5403,1.6799635982084142,20.2,-1.6882966854310593,21.32,19.1
1.511078837376667,2.807937767457695,0.0,18.1,0,0.58,5.926,71.0,2.9084,1.6799635982084142,20.2,-0.4686689410103238,18.13,19.1
1.5176210726142565,2.6444072787962525,0.0,18.1,0,0.58,5.713,56.7,2.8237,1.6799635982084142,20.2,0.5343660553906616,14.76,20.1
1.5307055430894347,1.6170905561197193,0.0,18.1,0,0.532,6.229,90.7,3.0993,1.6799635982084142,20.2,0.4765018814558293,12.87,19.6
1.537247778327024,1.5192243229211484,0.0,18.1,0,0.58,6.437,75.0,2.8965,1.6799635982084142,20.2,0.4045856811843336,14.36,23.2
1.5503322488022024,2.203404332146021,0.0,18.1,0,0.584,5.427,95.4,2.4298,1.6799635982084142,20.2,-1.0109546399324376,18.14,13.8
1.563416719277381,1.7700948094248417,0.0,18.1,0,0.614,6.484,93.6,2.3053,1.6799635982084142,20.2,0.5089070556014477,18.68,16.7
1.56995895451497,2.7740501538282305,0.0,18.1,0,0.614,5.304,97.3,2.1007,1.6799635982084142,20.2,-1.1122045729428938,24.91,12.0
1.5765011897525594,2.418855874659432,0.0,18.1,0,0.614,6.185,96.7,2.1705,1.6799635982084142,20.2,-0.0870531253915336,18.03,14.6
1.5830434249901486,2.730053020578551,0.0,18.1,0,0.614,6.229,88.0,1.9512,1.6799635982084142,20.2,0.0414469295003895,13.11,21.4
1.5895856602277378,1.9204472756044824,0.0,18.1,0,0.532,6.242,64.7,3.4242,1.6799635982084142,20.2,0.5343660553906616,10.74,23.0
1.596127895465327,1.903327677232432,0.0,18.1,0,0.532,6.75,74.9,3.3317,1.6799635982084142,20.2,0.3936096414583736,7.74,23.7
1.6092123659405055,1.3398262488998969,0.0,18.1,0,0.532,5.762,40.3,4.0983,1.6799635982084142,20.2,0.3881247618336051,10.42,21.8
1.6157546011780948,1.2174525430495582,0.0,18.1,0,0.583,5.871,41.9,3.724,1.6799635982084142,20.2,-0.4002096405705798,13.34,20.6
1.6288390716532732,1.9008754243872985,0.0,18.1,0,0.583,6.114,79.8,3.5459,1.6799635982084142,20.2,0.3793533088976263,14.98,19.1
1.6353813068908625,1.763989083482614,0.0,18.1,0,0.583,5.905,53.2,3.1523,1.6799635982084142,20.2,0.2173256703317284,11.45,20.6
1.6419235421284517,0.1405094889795146,0.0,27.74,0,0.609,5.454,92.7,1.8209,1.956468473174032,20.1,0.4676766118152282,18.06,15.2
1.6550080126036302,0.188518979701907,0.0,27.74,0,0.609,5.093,98.0,1.8226,1.956468473174032,20.1,-2.077006964432867,29.68,8.1
1.6615502478412194,0.1005147940898636,0.0,27.74,0,0.609,5.983,98.8,1.8681,1.956468473174032,20.1,0.2857616353124133,18.07,13.6
1.6680924830788086,0.1055484979880408,0.0,27.74,0,0.609,5.983,83.5,2.1099,1.956468473174032,20.1,0.5343660553906616,13.35,20.1
1.674634718316398,0.1598288143805233,0.0,9.69,0,0.585,5.707,54.0,2.3817,-0.0097884154703589,19.2,0.5343660553906616,12.01,21.8
1.7008036592667548,0.237740495661178,0.0,9.69,0,0.585,5.794,70.6,2.8927,-0.0097884154703589,19.2,0.5343660553906616,14.1,18.3
1.7138881297419333,0.1636737624214715,0.0,9.69,0,0.585,5.569,73.5,2.3999,-0.0097884154703589,19.2,0.4926954618602301,15.1,17.5
1.7269726002171115,0.0607469672731007,0.0,11.93,0,0.573,6.593,69.1,2.4786,-0.734845643157978,21.0,0.3541652349046085,9.67,22.4
1.733514835454701,0.0442752252499075,0.0,11.93,0,0.573,6.12,76.7,2.2875,-0.734845643157978,21.0,0.5343660553906616,9.08,20.6
1.7400570706922902,0.0589856323478709,0.0,11.93,0,0.573,6.976,91.0,2.1675,-0.734845643157978,21.0,0.5343660553906616,5.64,23.9
1.753141541167469,0.0463204502685042,0.0,11.93,0,0.573,6.03,80.8,2.505,-0.734845643157978,21.0,0.5343660553906616,7.88,11.9
